110029,Bobby,Abreu,abreubo01
110134,Antonio,Alfonseca,alfonan01
110184,Sandy,AlomarJr.,alomasa02
110189,Moises,Alou,aloumo01
110236,Garret,Anderson,anderga01
110383,Rich,Aurilia,aurilri01
110385,Brad,Ausmus,ausmubr01
110682,Tony,Batista,batisto01
110683,Miguel,Batista,batismi01
110840,Mark,Bellhorn,bellhma01
110859,Armando,Benitez,benitar01
110870,Gary,Bennett,bennega01
110987,Craig,Biggio,biggicr01
111072,Henry,Blanco,blanche01
111188,Barry,Bonds,bondsba01
111213,Aaron,Boone,booneaa01
111214,Bret,Boone,
111244,Joe,Borowski,borowjo01
111492,Doug,Brocail,brocado01
111548,Emil,Brown,brownem01
111838,Paul,Byrd,byrdpa01
111851,Orlando,Cabrera,cabreor01
111867,Miguel,Cairo,cairomi01
111904,Mike,Cameron,camermi01
112020,Chris,Carpenter,carpech01
112031,Hector,Carrasco,carrahe01
112077,Raul,Casanova,casanra01
112087,Sean,Casey,caseyse01
112107,Alberto,Castillo,castial01
112116,Luis,Castillo,castilu01
112128,Juan,Castro,castrju01
112131,Frank,Catalanotto,catalfr01
112297,Jeff,Cirillo,cirilje01
112316,Tony,Clark,clarkto02
112381,Royce,Clayton,claytro01
112388,Roger,Clemens,clemero02
112526,Bartolo,Colon,colonba01
112559,Jeff,Conine,coninje01
112690,Rheal,Cormier,cormirh01
112736,Craig,Counsell,counscr01
112903,Jose,CruzJr.,cruzjo02
113028,Johnny,Damon,damonjo01
113211,Mike,DeJean,
113232,Carlos,Delgado,delgaca01
113240,David,Dellucci,delluda01
113296,Elmer,Dessens,desseel01
113358,Mike,DiFelice,difelmi01
113660,Ray,Durham,durhara01
113679,Jermaine,Dye,dyeje01
113702,Damion,Easley,easleda01
113744,Jim,Edmonds,edmonji01
113833,Alan,Embree,embreal01
113845,Juan,Encarnacion,encarju01
113889,Darin,Erstad,erstada01
113898,Kelvim,Escobar,escobke01
113915,Shawn,Estes,
113961,Scott,Eyre,eyresc01
114031,Sal,Fasano,fasansa01
114135,Steve,Finley,finlest01
114260,Cliff,Floyd,floydcl01
114342,Keith,Foulke,
114354,Chad,Fox,
114596,Nomar,Garciaparra,garcino01
114739,Jason,Giambi,giambja01
114789,Brian,Giles,gilesbr02
114849,Tom,Glavine,glavito02
114909,Chris,Gomez,gomezch02
114935,Luis,Gonzalez,gonzalu01
114971,Tom,Gordon,gordoto01
115017,Tony,Graffanino,graffto01
115094,Shawn,Green,greensh01
115135,Ken,GriffeyJr.,griffke02
115210,Mark,Grudzielanek,grudzma01
115216,Eddie,Guardado,guarded01
115223,Vladimir,Guerrero,guerrvl01
115229,Jose,Guillen,guilljo01
115399,Mike,Hampton,hamptmi01
115475,Tim,Harikkala,harikti01
115608,Scott,Hatteberg,hattesc01
115629,LaTroy,Hawkins,hawkila01
115732,Todd,Helton,heltoto01
115817,Livan,Hernandez,hernali01
115832,Roberto,Hernandez,hernaro01
116034,Trevor,Hoffman,hoffmtr01
116338,Torii,Hunter,hunteto01
116380,Raul,Ibanez,ibanera01
116414,Jason,Isringhausen,isrinja01
116539,Derek,Jeter,jeterde01
116595,Jason,Johnson,
116615,Randy,Johnson,johnsra05
116662,Andruw,Jones,jonesan01
116706,Chipper,Jones,jonesch06
116734,Todd,Jones,jonesto02
116974,Jason,Kendall,kendaja01
116999,Jeff,Kent,kentje01
117148,Ryan,Klesko,kleskry01
117157,Steve,Kline,klinest02
117244,Paul,Konerko,konerpa01
117276,Mark,Kotsay,kotsama01
117601,Derrek,Lee,leede02
117758,Jon,Lieber,liebejo01
117759,Mike,Lieberthal,liebemi01
117842,Esteban,Loaiza,loaizes01
117863,Kenny,Lofton,loftoke01
117928,Mark,Loretta,loretma01
117955,Derek,Lowe,lowede01
118065,John,Mabry,mabryjo01
118120,Greg,Maddux,maddugr01
118158,Ron,Mahay,mahayro01
118353,Tom,Martin,martito02
118377,Pedro,Martinez,martipe02
118967,Kent,Mercker,
118986,Jose,Mesa,mesajo01
119064,Damian,Miller,milleda02
119125,Trever,Miller,milletr02
119154,Kevin,Millwood,millwke01
119182,Doug,Mirabelli,mirabdo01
119215,Brian,Moehler,moehlbr01
119403,Matt,Morris,morrima01
119456,Chad,Mottola,mottoch01
119469,Jamie,Moyer,moyerja01
119608,Mike,Mussina,mussimi01
119624,Mike,Myers,myersmi01
119811,Trot,Nixon,nixontr01
119827,Hideo,Nomo,
119853,Greg,Norton,nortogr01
119865,Abraham,Nunez,nunezab01
119984,Darren,Oliver,oliveda02
120044,Magglio,Ordonez,ordonma01
120074,David,Ortiz,ortizda01
120190,Orlando,Palmeiro,palmeor01
120221,Chan Ho,Park,parkch01
120401,Troy,Percival,percitr01
120413,Neifi,Perez,perezne01
120416,Tomas,Perez,
120485,Andy,Pettitte,pettian01
120536,Mike,Piazza,piazzmi01
120691,Jorge,Posada,posadjo01
120903,Manny,Ramirez,ramirma02
121058,Desi,Relaford,relafde01
121074,Edgar,Renteria,renteed01
121096,Dennys,Reyes,reyesde01
121099,Al,Reyes,reyesal01
121125,Arthur,Rhodes,rhodear01
121250,Mariano,Rivera,riverma01
121347,Alex,Rodriguez,rodrial01
121358,Ivan,Rodriguez,rodriiv01
121386,Kenny,Rogers,rogerke01
121409,Scott,Rolen,rolensc01
121556,Glendon,Rusch,
121616,Olmedo,Saenz,saenzol01
121673,Reggie,Sanders,sandere02
121811,Curt,Schilling,schilcu01
121834,Jason,Schmidt,schmija01
121955,Rudy,Seanez,seaneru01
121986,Aaron,Sele,seleaa01
122007,Dan,Serafini,serafda01
122027,Richie,Sexson,sexsori01
122111,Gary,Sheffield,sheffga01
122195,Brian,Shouse,shousbr01
122201,Paul,Shuey,shueypa01
122231,Jose,Silva,
122477,John,Smoltz,smoltjo01
122544,Sammy,Sosa,sosasa01
122596,Scott,Spiezio,spiezsc01
122620,Russ,Springer,sprinru01
122644,Matt,Stairs,stairma01
122681,Mike,Stanton,stantmi02
122784,Shannon,Stewart,stewash01
122803,Kelly,Stinnett,stinnke01
122915,Tanyon,Sturtze,sturtta01
122987,Jeff,Suppan,suppaje01
123040,Mark,Sweeney,sweenma01
123041,Mike,Sweeney,sweenmi01
123118,Julian,Tavarez,tavarju01
123173,Miguel,Tejada,tejadmi01
123245,Frank,Thomas,thomafr04
123272,Jim,Thome,thomeji01
123307,John,Thomson,thomsjo01
123348,Mike,Timlin,timlimi01
123387,Brett,Tomko,tomkobr01
123415,Salomon,Torres,torresa01
123431,Steve,Trachsel,trachst01
123609,Javier,Valentin,valenja01
123610,Jose,Valentin,valenjo03
123660,Jason,Varitek,varitja01
123689,Jorge,Velandia,velanjo01
123699,Dario,Veras,
123723,Jose,Vidro,vidrojo01
123725,Ron,Villone,villoro01
123744,Omar,Vizquel,vizquom01
123790,Billy,Wagner,wagnebi02
123801,Tim,Wakefield,wakefti01
123828,Jamie,Walker,walkeja01
123842,Todd,Walker,walketo04
123955,John,Wasdin,wasdijo01
124000,David,Weathers,weathda01
124071,David,Wells,wellsda01
124184,Rick,White,whiteri01
124185,Rondell,White,whitero02
124233,Bob,Wickman,wickmbo01
124315,Woody,Williams,williwo02
124343,Todd,Williams,willito02
124482,Jay,Witasick,witasja01
124604,Jamey,Wright,wrighja01
124605,Jaret,Wright,wrighja02
124643,Esteban,Yan,
124693,Dmitri,Young,youngdm01
124748,Gregg,Zaun,zaungr01
124805,B.J.,Ryan,ryanbj01
131702,Braden,Looper,loopebr01
132220,Jarrod,Washburn,washbja01
132241,Bryan,Corey,coreybr01
132260,Sidney,Ponson,ponsosi01
132360,Damon,Hollins,
132620,Donnie,Sadler,sadledo01
132660,Jolbert,Cabrera,
132720,Paul,Bako,bakopa01
132788,Kevin,Millar,millake01
132880,Daryle,Ward,wardda01
132961,Geoff,Jenkins,jenkige01
132980,Eric,Milton,miltoer01
133120,Jason,Wood,woodja02
133140,Scott,McClain,mcclasc01
133160,Randy,Winn,winnra01
133221,Justin,Speier,speieju01
133225,Ryan,Dempster,dempsry01
133226,Mike,Redmond,redmomi01
133240,Vic,Darensbourg,
133321,Alex,Cora,coraal01
133340,Orlando,Hernandez,hernaor01
133342,Ricky,Ledee,ledeeri01
133343,Preston,Wilson,wilsopr01
133380,Aramis,Ramirez,ramirar01
133460,Russ,Ortiz,ortizru01
133741,Mendy,Lopez,
133982,Bob,Howry,howrybo01
134001,Paul,Lo Duca,loducpa01
134002,Ramon,Martinez,martira03
134003,Scott,Elarton,elartsc01
134181,Adrian,Beltre,beltrad01
134260,Bengie,Molina,molinbe01
134268,Kerry,Wood,woodke02
134320,Javier,Vazquez,vazquja01
134321,Carl,Pavano,pavanca01
134341,Jay,Payton,paytoja01
135782,Danny,Klassen,
135783,Ramon,Castro,castrra01
135784,Placido,Polanco,polanpl01
136263,Tim,Byrdak,byrdati01
136267,Troy,Glaus,glaustr01
136268,Chad,Bradford,bradfch01
136300,Vance,Wilson,wilsova01
136422,Chris,Michalak,
136460,Alex,Gonzalez,gonzaal02
136500,Wes,Helms,helmswe01
136600,Bruce,Chen,chenbr01
136601,George,Lombard,
136602,Odalis,Perez,perezod01
136608,Armando,Rios,
136660,Mark,DeRosa,derosma01
136663,Fernando,Seguignol,
136664,Michael,Barrett,barremi01
136722,Carlos,Guillen,guillca01
136724,Marlon,Anderson,anderma02
136725,Matt,Clement,clemema01
136727,Vladimir,Nunez,
136731,Corey,Koskie,koskico01
136734,Octavio,Dotel,doteloc01
136767,Eric,Chavez,chaveer01
136770,J.D.,Drew,drewjd01
136780,Mike,Lowell,lowelmi01
136860,Carlos,Beltran,beltrca01
136880,Roy,Halladay,hallaro01
137001,Robert,Fick,fickro01
137002,Gabe,Kapler,
137006,Doug,Mientkiewicz,mientdo01
137140,Russell,Branyan,branyru01
150009,Ramon,Ortiz,ortizra01
150011,Scott,Schoeneweis,schoesc01
150019,Jesse,Garcia,
150020,Jerry,HairstonJr.,hairsje02
150021,Darnell,McDonald,mcdonda02
150029,Jayson,Werth,werthja01
150035,Kyle,Farnsworth,farnsky01
150037,Ray,King,kingra01
150040,Jose,Molina,molinjo01
150061,Julio,Lugo,lugoju01
150063,Wade,Miller,millewa04
150070,Kevin,Barker,barkeke01
150071,Ronnie,Belliard,belliro01
150090,D'Angelo,Jimenez,jimenda01
150093,Alfonso,Soriano,soriaal01
150100,Pat,Burrell,burrepa01
150114,Reggie,Taylor,
150116,Randy,Wolf,wolfra02
150118,Brian,Fuentes,fuentbr01
150119,Freddy,Garcia,garcifr02
150122,Damaso,Marte,marteda01
150134,Toby,Hall,hallto02
150137,Paul,Hoover,hoovepa01
150144,Bobby,Seay,seaybo01
150148,Rod,Barajas,barajro01
150153,Nelson,Figueroa,
150159,Stephen,Randolph,randost01
150160,Junior,Spivey,
150167,Shea,Hillenbrand,hillesh02
150174,Rob,Bell,bellro01
150178,Jason,LaRue,larueja01
150182,Scott,Williamson,willisc01
150185,Dave,Borkowski,borkoda01
150188,Francisco,Cordero,cordefr01
150202,Dee,Brown,brownde02
150203,Chris,George,
150205,Orber,Moreno,
150207,Paul,Phillips,phillpa01
150211,Brian,Buchanan,
150212,Michael,Cuddyer,cuddymi01
150217,Cristian,Guzman,guzmacr01
150218,Jacque,Jones,jonesja05
150220,Matthew,LeCroy,lecroma01
150221,Mike,Lincoln,
150224,Chad,Moeller,moellch01
150229,A.J.,Pierzynski,pierzaj01
150230,Mark,Redman,redmama01
150242,Jae,Seo,seoja01
150244,Jason,Tyner,tynerja01
150249,Kris,Benson,bensokr01
150251,Yamid,Haad,
150252,Chad,Hermansen,
150261,Scott,Sauerbeck,
150268,Pedro,Feliz,felizpe01
150269,Aaron,Fultz,fultzaa01
150274,Joe,Nathan,nathajo01
150275,Yorvit,Torrealba,torreyo01
150277,Doug,Davis,davisdo02
150285,Dan,Kolb,kolbda01
150286,Mike,Lamb,lambmi01
150289,Carlos,Pena,penaca01
150295,Micah,Bowie,bowiemi01
150302,Jason,Marquis,marquja01
150305,Damian,Moss,
150317,Joe,Crede,credejo01
150319,Josh,Fogg,foggjo01
150324,Carlos,Lee,leeca01
150331,Josh,Paul,pauljo01
150337,Kip,Wells,wellski01
150342,Jim,Brower,broweji01
150344,Travis,Driskill,drisktr01
150348,John,McDonald,mcdonjo03
150353,Dave,Roberts,roberda07
150359,A.J.,Burnett,burneaj01
150367,Pablo,Ozuna,ozunapa01
150373,Michael,Tejera,
150375,Hiram,Bocachica,bocachi01
150378,Eric,Gagne,gagneer01
150382,Matt,Herges,hergema01
150392,Ricky,Stone,stoneri01
150393,Tony,Armas,armasto02
150396,Milton,Bradley,bradlmi01
150398,Geoff,Blum,blumge01
150404,Ted,Lilly,lillyte01
150407,Guillermo,Mota,motagu01
150411,Brian,Schneider,schnebr01
150414,Jake,Westbrook,westbja01
150415,Brad,Wilkerson,wilkebr01
150416,Danny,Ardoin,
150421,Ramon,Hernandez,hernara02
150426,Mark,Mulder,muldema01
150430,Luis,Vizcaino,vizcalu01
150433,Ben,Davis,
150438,Rodrigo,Lopez,lopezro02
150439,Gary,MatthewsJr.,matthga02
150449,Rick,Ankiel,ankieri01
150456,Adam,Kennedy,kennead01
150469,John,Bale,balejo01
150472,Ryan,Freel,freelry01
150474,Gary,Glover,glovega01
150479,Felipe,Lopez,lopezfe01
150482,Josh,Phelps,phelpjo01
150484,Vernon,Wells,wellsve01
204020,Lance,Berkman,berkmla01
206551,Melvin,Mora,morame01
207267,Brad,Penny,pennybr01
209315,David,Newhan,newhada01
211041,Ryan,Franklin,frankry01
212297,Julio,Franco,francju01
212356,Terrmel,Sledge,sledgte01
213680,Mike,MacDougal,macdomi01
213711,Jeff,Weaver,weaveje01
215197,Matt,Ginter,
216897,Kyle,Snyder,snydeky01
217096,Barry,Zito,zitoba01
217100,Willie,Bloomquist,bloomwi01
217915,Lew,Ford,fordle01
218294,Byung-Hyun,Kim,kimby01
218595,Chris,Woodward,woodwch01
218596,Tim,Hudson,hudsoti01
218894,Vicente,Padilla,padilvi01
219194,Gil,Meche,mechegi01
219594,Tomo,Ohka,ohkato01
228594,David,Riske,riskeda01
232694,Casey,Blake,blakeca01
232994,Scott,Strickland,
234194,Buddy,Carlyle,carlybu01
235095,Dan,Wheeler,wheelda01
235194,Gookie,Dawkins,
235494,Matt,Riley,
237346,Brian,Falkenborg,falkebr01
237800,Jeff,DaVanon,davanje02
238796,Lance,Carter,
239795,Chad,Durbin,durbich01
240694,J.C.,Romero,romerjc01
275700,Winston,Abreu,abreuwi01
275930,David,Eckstein,eckstda01
275933,Scott,Downs,downssc01
276054,Brady,Clark,clarkbr02
276055,Adam,Dunn,dunnad01
276056,Danys,Baez,baezda01
276336,Shawn,Chacon,chacosh01
276343,Victor,Santos,santovi01
276346,Brandon,Inge,ingebr01
276347,Eric,Munson,munsoer01
276351,Jason,Grilli,grillja01
276352,Gary,Knotts,
276354,Matt,Treanor,treanma01
276361,Adam,Everett,everead01
276371,Johan,Santana,santajo01
276372,Luis,Rivas,rivaslu01
276373,Marty,McLeary,mcleama01
276376,Nick,Johnson,johnsni01
276377,Wily Mo,Pena,penawi01
276510,Alex,Escobar,escobal01
276514,Kevin,Gregg,greggke01
276519,Jimmy,Rollins,rolliji01
276520,Bronson,Arroyo,arroybr01
276521,Humberto,Cota,cotahu01
276523,Tike,Redman,redmati01
276530,Scott,Linebrink,linebsc01
276534,Guillermo,Rodriguez,rodrigu01
276537,Chris,Richard,
276542,Joaquin,Benoit,benoijo01
276545,Michael,Young,youngmi02
276547,Dewayne,Wise,wisede01
276912,Scot,Shields,shielsc01
276913,Derrick,Turnbow,turnbde01
277184,Matt,Wise,wisema01
277405,Justin,Miller,milleju01
277410,Chris,Reitsma,reitsch01
277414,Chris,Gissell,
277417,Josh,Beckett,beckejo02
279566,Nathan,Haynes,haynena01
279568,John,Patterson,pattejo02
279570,Ken,Huckaby,
279571,Matt,Belisle,belisma01
279577,Rafael,Furcal,furcara02
279578,Marcus,Giles,gilesma01
279782,Jon,Garland,garlajo01
279824,Mark,Buehrle,buehrma01
279827,Humberto,Quintero,quinthu01
279913,Corey,Patterson,patteco01
280061,Corky,Miller,milleco01
282327,Kane,Davis,daviska01
282332,C.C.,Sabathia,sabatcc01
282562,Adam,Pettyjohn,
282567,Claudio,Vargas,vargacl01
282594,Geronimo,Gil,gilge01
282597,Adam,Melhuse,melhuad01
282656,Ben,Sheets,sheetbe01
282878,Bobby,Kielty,kieltbo01
282879,Michael,Restovich,restomi01
282905,Andy,Tracy,
282993,Jason,Phillips,phillja04
283051,Johnny,Estrada,estrajo01
283166,Mike,Gonzalez,gonzami02
284566,Adam,Eaton,eatonad01
285063,Erasmo,Ramirez,ramirer01
285068,Cody,Ransom,ransoco01
285075,Jason,Standridge,standja01
285078,Josh,Hamilton,hamiljo03
285079,R.A.,Dickey,
285080,Matt,Miller,millema02
285131,Cesar,Izturis,izturce01
291565,Eric,Byrnes,byrneer01
292294,Luis R.,Figueroa,figuelu01
294558,Xavier,Nady,nadyxa01
324432,Augie,Ojeda,ojedaau01
325392,Scott,Podsednik,podsesc01
329092,Randy,Choate,choatra01
332292,John,Parrish,parrijo01
333292,Jack,Wilson,wilsoja02
333492,Aubrey,Huff,huffau01
334393,Juan,Pierre,pierrju01
334492,Joel,Pineiro,pineijo01
340192,Marco,Scutaro,scutama01
340392,Timo,Perez,perezti01
340393,Ross,Gload,gloadro01
342892,Randy,Keisler,keislra01
346793,Jeremy,Affeldt,affelje01
346795,Endy,Chavez,chaveen01
346796,Alexis,Gomez,
346797,Grant,Balfour,balfogr01
346798,Kyle,Lohse,lohseky01
346799,Juan,Rincon,rincoju01
346800,Saul,Rivera,riversa01
346847,Joe,Beimel,beimejo01
346848,John,Grabow,grabojo02
346852,Craig,Wilson,wilsocr03
346855,Brandon,Duckworth,duckwbr01
346857,Nick,Punto,puntoni01
346859,Jason,Michaels,michaja01
346869,Josh,Towers,towerjo01
346871,Aaron,Cook,cookaa01
346873,Luke,Hudson,hudsolu01
346874,Juan,Uribe,uribeju01
348562,Keith,Ginter,
348563,Morgan,Ensberg,ensbemo01
349193,Will,Ohman,ohmanwi01
367893,Jackson,Melian,
400002,Matt,Childers,
400008,Gary,Majewski,majewga01
400010,Jon,Rauch,rauchjo01
400018,Miguel,Olivo,olivomi01
400021,Joe,Borchard,borchjo01
400023,Aaron,Rowand,rowanaa01
400050,Chris,Spurling,spurlch01
400058,Brad,Lidge,lidgebr01
400061,Roy,Oswalt,oswalro01
400062,Tim,Redding,redditi01
400063,Dave,Williams,willida07
400067,Carlos,Silva,silvaca01
400073,Oscar,Salazar,
400076,Shane,Loux,
400077,Mike,Maroth,marotmi01
400085,Ichiro,Suzuki,suzukic01
400089,Rafael,Soriano,soriara01
400090,Alex,Cintron,cintral01
400091,Jack,Cust,custja01
400092,Bret,Prinz,prinzbr01
400093,Duaner,Sanchez,sanchdu01
400095,Erick,Almonte,
400098,Travis,Hafner,hafnetr01
400104,Tyler,Walker,walkety01
400116,Henry,Mateo,
400118,Wilkin,Ruan,
400120,Chris,Coste,costech01
400121,Victor,Martinez,martivi01
400125,Jesus,Colome,colomje01
400130,Scott,Chiasson,
400134,Eric,Hinske,hinsker01
400136,Jason,Smith,smithja05
400140,Wilson,Betemit,betemwi01
400141,Horacio,Ramirez,ramirho01
400147,Brian,Lawrence,lawrebr02
400149,Jeremy,Owens,
400154,Dane,Sardinha,
400158,Jay,Gibbons,gibboja01
400181,Ryan,Drese,
400268,J.C.,Boscan,
400284,Chase,Utley,utleych01
400290,Austin,Kearns,kearnau01
400291,Dustin,Moseley,moseldu01
405395,Albert,Pujols,pujolal01
406301,Chad,Paronto,paronch01
406402,Jorge,Julio,juliojo01
406428,Tim,Raines,
406550,Jamie,Burke,burkeja02
406670,Rob,Mackowiak,mackoro01
406773,Joe,Kennedy,kennejo04
406874,Joe,Nelson,nelsojo01
406878,Brian,Roberts,roberbr01
406913,Victor,Zambrano,zambrvi01
407094,Chris,Booker,bookech01
407113,Justin,Duchscherer,duchsju01
407154,Casey,Fossum,fossuca01
407155,Craig,Monroe,monrocr01
407193,Brandon,Lyon,lyonbr01
407194,Mike,Bacsik,bacsimi02
407296,Carlos,Zambrano,zambrca01
407297,Juan,Cruz,cruzju02
407298,Jason,Jennings,jennija01
407377,Mike,Koplove,koplomi01
407380,Dustan,Mohr,mohrdu01
407397,Esteban,German,germaes01
407399,J.R.,House,housejr01
407400,Rick,Bauer,
407483,Willie,Harris,harriwi01
407487,Juan,Rivera,riverju01
407489,Lyle,Overbay,overbly01
407496,Ramon,Vazquez,vazqura01
407556,Angel,Berroa,berroan01
407576,Mike,Rivera,rivermi02
407578,Mark,Prior,priorma01
407757,Nate,Field,fieldna01
407777,Ben,Broussard,brousbe01
407779,Francis,Beltran,
407781,Marlon,Byrd,byrdma01
407783,Geoff,Geary,gearyge01
407786,Jorge,Padilla,
407791,Brendan,Donnelly,donnebr01
407792,Alfredo,Amezaga,amezaal01
407793,John,Lackey,lackejo01
407795,John,Ennis,ennisjo01
407796,John,Foster,
407797,Nick,Green,greenni01
407798,Ryan,Langerhans,langery01
407801,Marcus,Thames,thamema01
407805,Todd,Donovan,
407806,Ben,Howard,
407807,Dennis,Tankersley,
407812,Matt,Holliday,hollima01
407815,Antonio,Perez,
407816,J.J.,Putz,putzjj01
407819,Matt,Thornton,thornma01
407820,Josh,Hancock,hancojo01
407821,Luis A,Garcia,
407822,Jorge,De La Rosa,delarjo01
407825,Matt,Guerrier,guerrma02
407829,Ron,Chiavacci,
407831,Valentino,Pascucci,
407832,Wilson,Valdez,valdewi01
407833,John,Buck,buckjo01
407835,Jason,Lane,laneja01
407838,Tom,Shearn,shearto01
407840,Brandon,Backe,backebr01
407842,Jose,Veras,verasjo01
407845,Fernando,Rodney,rodnefe01
407849,Bill,Hall,hallbi03
407853,Erik,Bedard,bedarer01
407855,Ed,Rogers,
407859,Scott,Cassidy,cassisc01
407860,Gustavo,Chacin,chacigu01
407861,Orlando,Hudson,hudsoor01
407862,Reed,Johnson,johnsre02
407871,Joe,Thurston,thursjo01
407873,Steve,Colyer,colyest01
407876,Chip,Ambres,ambrech01
407878,Jose,Valverde,valvejo01
407880,Luis,Terrero,terrelu01
407883,Franklyn,German,
407884,Tyler,Yates,yatesty01
407885,Mark,Ellis,ellisma01
407886,Ryan,Ludwick,ludwiry01
407890,Colby,Lewis,lewisco01
407891,Kevin,Mench,menchke01
407893,Mark,Teixeira,teixema01
407896,Billy,Traber,trabebi01
407900,Miguel,Asencio,asencmi01
407901,Jorge,Sosa,sosajo02
407908,Joel,Peralta,peraljo01
407911,Frank,Francisco,francfr01
407924,Manny,Acosta,acostma01
407928,Rick,Asadoorian,
407932,Ryan,Jorgensen,jorgery01
408036,Josh,Bard,bardjo01
408037,Jason,Stanford,stanfja01
408039,So,Taguchi,tagucso01
408042,Gerald,Laird,lairdge01
408043,Mike,Stodolka,
408045,Joe,Mauer,mauerjo01
408046,Andrew,Brown,brownan01
408047,Justin,Morneau,morneju01
408052,Chris,Bootcheck,bootcch01
408057,Bobby,Jenks,jenksbo01
408061,Francisco,Rodriguez,rodrifr03
408067,Lance,Niekro,niekrla01
408069,Erick,Threets,threeer01
408072,Jason,Bulger,bulgeja01
408077,Lindsay,Gulin,
408097,Arnie,Munoz,munozar01
408108,Freddy,Sanchez,sanchfr01
408201,Howie,Clark,clarkho02
408206,Brett,Myers,myersbr01
408209,Tommy,Murphy,murphto03
408210,Chone,Figgins,figgich01
408211,Kevin,Cash,cashke01
408212,Gabe,Gross,grossga01
408213,Hank,Blalock,blaloha01
408219,Chris,Duncan,duncach01
408230,Pedro,Feliciano,felicpe01
408232,Ray,Olmedo,olmedra01
408234,Miguel,Cabrera,cabremi01
408235,Matt,Erickson,
408236,Adrian,Gonzalez,gonzaad01
408238,Derek,Wathan,
408241,Jake,Peavy,peavyja01
408242,Wil,Nieves,nievewi01
408244,Bernie,Castro,
408245,Adan,Amezcua,
408249,Julio,Manon,
408252,Brandon,Phillips,phillbr01
408299,Omar,Infante,infanom01
408304,Jon,Switzer,switzjo01
408305,Jorge,Cantu,cantujo01
408306,Rocco,Baldelli,baldero01
408307,Carl,Crawford,crawfca02
408310,Aaron,Heilman,heilmaa01
408311,Justin,Huber,huberju01
408312,Mike,Jacobs,jacobmi02
408314,Jose,Reyes,reyesjo01
420672,Phil,Seibel,seibeph01
420673,Matt,Watson,
420864,Randy,Flores,florera01
421004,Jason,Simontacchi,simonja01
421024,Julio,Mateo,mateoju01
421064,Ty,Wigginton,wiggity01
421104,Lee,Gardner,gardnle01
421124,Ramon,Santiago,santira01
421684,Chris,Snelling,snellch02
421685,Aaron,Harang,haranaa01
424144,Oliver,Perez,perezol01
424164,Kirk,Saarloos,saarlki01
424324,Cliff,Lee,leecl02
424325,David,Ross,rossda01
424366,John-Ford,Griffin,griffjo01
424426,Ryan,Bukvich,bukviry01
424465,Runelvys,Hernandez,
424668,Jon,Adkins,adkinjo01
424706,Marshall,McDougall,
424726,Jason,Bay,bayja01
424805,Mark,Hendrickson,hendrma01
424825,Coco,Crisp,crispco01
424925,Clay,Condrey,condrcl01
425126,Jason,Shiell,shielja01
425146,Nate,Robertson,roberna01
425186,Jason,Davis,davisja02
425206,Jamey,Carroll,carroja01
425226,Brian,Tallet,tallebr01
425286,Wes,Obermueller,obermwe01
425386,Jeremy,Guthrie,guthrje01
425406,Josh,Hall,
425426,Chien-Ming,Wang,wangch01
425427,Jason,Anderson,
425429,Andy,Phillips,phillan01
425446,Aaron,Miles,milesaa01
425452,Mike,Rouse,rousemi01
425466,Willie,Eyre,eyrewi01
425468,Rob,Bowen,bowenro01
425471,Jimmy,Gobble,gobblji01
425472,Alejandro,Machado,machaal01
425477,Robb,Quinlan,quinlro01
425484,Jon,Leicester,leicejo01
425487,Todd,Wellemeyer,welleto01
425489,Jose,Castillo,castijo02
425491,Ryan,Doumit,doumiry01
425492,Ryan,Madson,madsory01
425496,Cody,Ross,rossco01
425497,Nook,Logan,loganno01
425503,Freddie,Bynum,bynumfr01
425506,Jody,Gerut,
425507,Fernando,Cabrera,cabrefe01
425508,Ryan,Church,churcry01
425509,Jhonny,Peralta,peraljh01
425510,Francisco,Cruceta,
425513,Craig,Brazell,brazecr01
425514,Heath,Bell,bellhe01
425526,Pete,Laforest,laforpe01
425528,Seth,McClung,mccluse01
425530,Brian,Stokes,stokebr01
425531,Doug,Waechter,
425532,Jerome,Williams,willije01
425533,Jason,Ellison,ellisja01
425539,Hong-Chih,Kuo,kuoho01
425542,Koyie,Hill,hillko01
425543,Josh,Wilson,wilsojo03
425545,Josh,Willingham,willijo03
425547,Brad,Hawpe,hawpebr01
425548,Garrett,Atkins,atkinga01
425549,Clint,Barmes,barmecl01
425555,Daniel,Cabrera,cabreda01
425556,Laynce,Nix,nixla01
425557,Jeff,Baker,bakerje03
425558,Beltran,Perez,perezbe01
425560,Adam,LaRoche,larocad01
425562,Vinnie,Chulk,chulkvi01
425564,Francisco,Rosario,rosarfr01
425565,Guillermo,Quiroz,quirogu01
425567,Alex,Rios,riosal01
425606,Kiko,Calero,calerki01
425626,Chris,Capuano,capuach01
425627,Andrew,Good,goodan01
425628,Greg,Aquino,aquingr01
425629,Oscar,Villarreal,villaos01
425630,Brandon,Webb,webbbr01
425631,Robby,Hammock,hammoro01
425632,Matt,Kata,katama01
425634,Mike,Hessman,hessmmi01
425646,Luis,Ayala,ayalalu01
425649,Enrique,Cruz,cruzen01
425650,Jason,Dubois,
425655,John,Koronka,koronjo01
425656,Wilfredo,Ledezma,ledezwi01
425657,Javier,Lopez,lopezja02
425658,Aquilino,Lopez,lopezaq01
425659,Hector,Luna,lunahe01
425661,Ronny,Paulino,pauliro01
425664,Shane,Victorino,victosh01
425686,Hideki,Matsui,matsuhi01
425747,Jose,Contreras,contrjo01
425766,James,Loney,loneyja01
425768,Angel,Guzman,guzmaan01
425769,Eliezer,Alfonzo,alfonel01
425772,Jeff,Mathis,mathije01
425773,Casey,Kotchman,kotchca01
425774,Dallas,McPherson,mcpheda01
425783,Shin-Soo,Choo,choosh01
425784,Rene,Rivera,riverre01
425785,Greg,Dobbs,dobbsgr01
425786,Scott,Atchison,atchisc01
425787,Tim,Hamulack,hamulti01
425793,Bubba,Nelson,
425794,Adam,Wainwright,wainwad01
425796,Jeff,Francoeur,francje02
425818,Boof,Bonser,bonsebo01
425821,Todd,Linden,lindeto01
425824,Angel,Chavez,
425825,Carlos,Mendoza,
425827,Jeremy,Bonderman,bondeje01
425830,Preston,Larrison,
425833,Max,St. Pierre,
425834,B.J.,Upton,uptonbj01
425835,Chin-hui,Tsao,tsaoch01
425840,Neal,Cotts,cottsne01
425843,Ruddy,Lugo,lugoru01
425844,Zack,Greinke,greinza01
425848,Rich,Harden,harderi01
425850,John,Rheinecker,rheinjo01
425851,Jeremy,Brown,brownje02
425852,Mike,Rose,
425853,Bobby,Crosby,crosbbo01
425854,Oscar,Robles,robleos01
425856,Gavin,Floyd,floydga01
425858,Dave,Krynzel,
425859,Russ,Adams,adamsru01
425860,Bryan,Bullington,bullibr01
425861,Shawn,Camp,campsh01
425862,Melqui,Torres,
425863,Chris,Heintz,heintch01
425864,Miguel,Ojeda,ojedami01
425865,Tagg,Bozied,
425867,Khalil,Greene,greenkh01
425877,Yadier,Molina,molinya01
425883,Dontrelle,Willis,willido03
425899,Charlie,Manning,
425900,Dioner,Navarro,navardi01
425902,Prince,Fielder,fieldpr01
425903,Kevin,Youkilis,youkike01
425904,Luis,Rodriguez,rodrilu01
428420,Mike,Gosling,goslimi01
428642,Luis,Montanez,
429260,Dave,Matranga,
429300,Roger,Deago,
429400,Adam,Loewen,loewead01
429440,Edgar,Gonzalez,gonzaed01
429662,Josh,Barfield,barfijo02
429663,Chris,Burke,burkech01
429664,Robinson,Cano,canoro01
429665,Edwin,Encarnacion,encared01
429666,J.J.,Hardy,hardyjj01
429667,Ryan,Howard,howarry01
429708,Andy,Marte,martean01
429709,Ramon,Nivar,
429710,Chad,Tracy,tracych01
429711,Franklin,Gutierrez,gutiefr01
429712,Felix,Pie,piefe01
429713,Grady,Sizemore,sizemgr01
429714,Denny,Bautista,bautide01
429715,Travis,Blackley,blacktr01
429716,J.D.,Durbin,durbijd01
429717,Dan,Haren,harenda01
429718,Shawn,Hill,hillsh01
429719,Edwin,Jackson,jacksed01
429720,John,Maine,mainejo01
429721,Royce,Ring,ringro01
429722,Ervin,Santana,santaer01
429723,Merkin,Valdez,valdeme01
429724,John,Van Benschoten,vanbejo01
429731,Eric,Bruntlett,brunter01
429760,Mike,Gallo,
429780,Chris,Narveson,
429781,Kevin,Correia,correke01
429783,Rafael,Betancourt,betanra01
429801,Scott,Thorman,thormsc01
429806,Victor,Diaz,diazvi01
429841,Matt,Diaz,diazma02
429842,Ryan,Wagner,wagnery01
429901,Sergio,Mitre,mitrese01
429981,Roy,Corcoran,
429983,Greg,Jones,jonesgr01
429984,Scott,Proctor,proctsc01
429985,Chad,Gaudin,gaudich01
430001,Rickie,Weeks,weeksri01
430041,Ray,Sadler,
430061,Mike,Wood,woodmi01
430083,Brian,Sanches,sanchbr01
430101,Chad,Cordero,cordech01
430161,Noah,Lowry,lowryno01
430203,David,DeJesus,dejesda01
430321,Delmon,Young,youngde03
430404,Jonny,Gomes,gomesjo01
430565,Kazuo,Matsui,matsuka01
430567,Brandon,Watson,watsobr01
430571,John,Gall,galljo01
430573,Shane,Costa,costash01
430574,Mitch,Maier,maiermi01
430579,Elizardo,Ramirez,ramirel01
430580,Alfredo,Simon,
430582,Brian,Wolfe,wolfebr01
430583,Jason,Bartlett,bartlja01
430584,Terry,Tiffee,
430585,Jason,Kubel,kubelja01
430587,Taylor,Buchholz,buchhta01
430588,Fernando,Nieve,nievefe01
430589,Chad,Qualls,quallch01
430590,Charlton,Jimerson,jimerch01
430591,Hector,Gimenez,gimenhe01
430592,Ronny,Cedeno,cedenro02
430593,Brendan,Harris,harribr01
430594,Renyel,Pinto,pintore01
430595,Carlos,Vasquez,
430596,William,Bergolla,
430597,Phil,Dumatrait,dumatph01
430598,Jeremy,Reed,reedje03
430599,Joe,Blanton,blantjo01
430601,Ryan,Wing,
430603,Don,Kelly,kellydo01
430604,Roberto,Novoa,novoaro01
430605,Ryan,Raburn,raburry01
430608,Ben,Hendrickson,
430610,Dennis,Sarfate,sarfade01
430611,Corey,Hart,hartco01
430613,Ronald,Belisario,
430616,Lincoln,Holdzkom,
430617,Scott,Dohmann,dohmasc01
430618,Justin,Hampson,hampsju01
430622,Cory,Sullivan,sullico01
430627,Bartolome,Fortunato,
430628,Carlos,Hines,
430629,Joel,Hanrahan,hanrajo01
430630,Jason,Frasor,frasoja01
430631,Reggie,Abercrombie,abercre01
430632,Willy,Aybar,aybarwi01
430634,Sean,Burnett,burnese01
430635,Mike,Johnston,
430636,Ian,Snell,snellia01
430637,Kelly,Johnson,johnske05
430638,Roman,Colon,colonro01
430640,Tony,Pena,penato02
430641,Blaine,Boyer,boyerbl01
430642,Jose,Capellan,capeljo01
430646,Jake,Woods,woodsja01
430649,Ivan,Ochoa,
430650,Edwin,Moreno,
430651,Nick,Regilio,
430653,Justin,Knoedler,
430654,Brian,Bass,
430657,Cha Seung,Baek,baekch01
430658,Justin,Leone,
430661,Dustin,McGowan,mcgowdu01
430663,Brian,Bruney,brunebr01
430664,Casey,Daigle,daiglca01
430665,Brandon,Medders,meddebr01
430666,Phil,Stockman,stockph01
430667,Jerry,Gil,gilje01
430668,Scott,Hairston,hairssc01
430670,Bob,Keppel,keppebo01
430671,Wayne,Lydon,
430673,Ramon,Ramirez,ramirra02
430674,Yhency,Brazoban,brazoyh01
430675,Sean,Henn,hennse01
430676,Mike,Vento,ventomi01
430680,Justin,Lehr,
430681,Dan,Johnson,johnsda06
430682,Eduardo,Sierra,
430683,Justin,Germano,germaju01
430686,Freddy,Guzman,guzmafr01
430788,Akinori,Otsuka,otsukak01
430828,Chris,Shelton,sheltch01
430829,Rich,Thompson,
430830,Alec,Zumwalt,
430831,Jeff,Bennett,benneje01
430832,Jose,Bautista,bautijo02
430837,Lenny,DiNardo,dinarle01
430838,Willy,Taveras,taverwi01
430841,Colter,Bean,beanco01
430842,Lino,Urdaneta,urdanli01
430884,Jesse,Crain,crainje01
430889,Bill,Murphy,murphbi02
430895,Maicer,Izturis,izturma01
430897,Nick,Swisher,swishni01
430900,Michael,Wuertz,wuertmi01
430904,Paul,Maholm,maholpa01
430905,Ruben,Gotay,gotayru01
430906,Donnie,Murphy,murphdo01
430910,Brayan,Pena,penabr01
430911,David,Aardsma,aardsda01
430912,Matt,Cain,cainma01
430913,Brad,Hennessey,hennebr01
430917,Mike,Fontenot,fontemi01
430925,Todd,Jennings,
430927,Brian,Buscher,buschbr01
430929,Jake,Wald,
430930,Fred,Lewis,lewisfr02
430931,Daniel,Ortmeier,ortmeda01
430935,Cole,Hamels,hamelco01
430939,Brian,Shackelford,shackbr01
430940,Craig,Anderson,
430941,George,Sherrill,sherrge01
430942,Randy,Williams,
430945,Adam,Jones,jonesad01
430946,Jose,Lopez,lopezjo01
430947,Erick,Aybar,aybarer01
430948,Alberto,Callaspo,callaal01
430949,Scott,Dunn,dunnsc01
430951,Nick,Gorneault,gorneni01
430955,David,Wallace,
430956,Michael,Aubrey,
430957,Brad,Snyder,
430958,Mike,Rabelo,rabelmi01
430961,Carlos,Maldonado,maldoca03
430962,Dustin,Nippert,nippedu01
430963,Tony,Pena,penato03
430965,Chris,Snyder,snydech02
430971,Eric,Reed,reeder01
431094,Aaron,Hill,hillaa01
431138,John,Rodriguez,rodrijo03
431141,Greg,Miller,
431143,Edwin,Bellorin,belloed01
431145,Russell,Martin,martiru01
431148,Scott,Kazmir,kazmisc01
431149,Matt,Peterson,
431150,Chris,Basak,basakch01
431151,David,Wright,wrighda03
431157,Joey,Gathright,gathrjo01
431158,Jeff,Bailey,baileje01
431159,Kelly,Shoppach,shoppke01
431160,Jon,Knott,knottjo02
431161,Nick,Trzesniak,
431162,Tim,Stauffer,staufti01
431164,Tyler,Johnson,johnsty01
431167,Larry,Broadway,
432928,Luke,Scott,scottlu01
432934,Chris,Young,youngch03
433217,Andres,Blanco,blancan01
433258,Aaron,Rakers,rakeraa01
433477,Andy,Green,
433517,Brad,Halsey,halsebr01
433578,Lance,Cormier,cormila01
433579,John,Danks,danksjo01
433580,Kyle,Sleeth,
433581,Brad,Thompson,thompbr01
433582,Conor,Jackson,jacksco01
433583,Val,Majewski,majewva01
433584,Fausto,Carmona,carmofa01
433585,Jeff,Francis,francje01
433586,Santiago,Casilla,garcija01
433587,Felix,Hernandez,hernafe02
433589,Yusmeiro,Petit,petityu01
433591,Joel,Guzman,guzmajo03
433597,Mark,Teahen,teahema01
433657,Dave,Bush,bushda01
433677,Juan,Padilla,padilju01
433697,Robinzon,Diaz,
433715,Carlos,Orrantia,
433897,Sam,Narron,
433898,Jeff,Keppinger,keppije01
434118,Carmen,Cali,calica01
434137,Logan,Kensing,kensilo01
434158,Curtis,Granderson,grandcu01
434159,Dan,Meyer,meyerda02
434180,Kameron,Loe,loeka01
434181,Brandon,League,leagubr01
434298,Todd,Coffey,coffeto01
434338,Joe,Dillon,dillojo02
434378,Justin,Verlander,verlaju01
434438,Billy,Buckner,bucknbi02
434441,Roberto,Giron,
434442,J.P.,Howell,howeljp01
434479,Michael,Hinckley,
434480,Darrell,Rasner,rasneda01
434482,Jesse,Carlson,
434498,Jon,Weber,
434523,Mike,Jones,
434524,Luis,Pena,
434525,Brad,Nelson,
434538,Francisco,Liriano,liriafr01
434540,Garrett,Jones,jonesga02
434558,Scott,Tyler,
434560,Eude,Brito,britoeu01
434562,Chris,Roberson,roberch02
434563,Carlos,Ruiz,ruizca01
434564,Zack,Segovia,segovza01
434565,Robinson,Tejeda,tejedro01
434567,Geovany,Soto,sotoge01
434578,Joe,Saunders,saundjo01
434579,Steven,Shell,
434581,Sean,Thompson,
434582,Paul,McAnulty,mcanupa01
434583,J.J.,Furmaniak,furmajj01
434584,Ben,Johnson,johnsbe02
434586,Ambiorix,Burgos,burgoam01
434590,Yorman,Bazardo,bazaryo01
434591,Randy,Messenger,messera01
434592,Chris,Resop,resopch01
434595,Ismael,Ramirez,
434596,John,Hattig,hattijo01
434600,Sean,Tracey,tracese01
434601,Pedro,Lopez,lopezpe01
434602,Casey,Rogowski,
434603,Paulino,Reynoso,
434604,Mike,Morse,morsemi01
434605,Wladimir,Balentien,balenwl01
434619,Enrique,Gonzalez,gonzaen01
434622,Ubaldo,Jimenez,jimenub01
434623,Juan,Morillo,morilju01
434624,Jayson,Nix,
434625,Jeff,Salazar,salazje01
434626,Ryan,Shealy,shealry01
434627,Ryan,Speier,speiery01
434628,Jason,Hammel,hammeja01
434629,Chris,Seddon,seddoch01
434633,John,Baker,
434636,Angel,Pagan,paganan01
434637,Matt,Lindstrom,lindsma01
434638,Brian,Burres,burrebr01
434639,Scott,Munter,muntesc01
434640,Jared,Gothreaux,
434641,Juan,Gutierrez,gutieju01
434642,Mark,McLemore,mclemma02
434643,Wandy,Rodriguez,rodriwa01
434658,Rajai,Davis,davisra01
434659,Chris,Duffy,duffych01
434660,Brad,Eldred,eldrebr01
434661,Nate,McLouth,mclouna01
434663,Leo,Nunez,nunezle01
434664,Jason,Botts,bottsja01
434665,Nick,Masset,masseni01
434666,Josh,Rupe,rupejo01
434668,Manny,Delcarmen,delcama01
434669,Luis,Mendoza,mendolu01
434670,Hanley,Ramirez,ramirha01
434671,Anibal,Sanchez,sanchan01
434678,Kyle,Davies,davieky01
434679,Anthony,Lerew,lerewan01
434680,Macay,McBride,mcbrima01
434681,Pete,Orr,orrpe01
434682,Luis,Hernandez,hernalu01
434701,Franquelis,Osoria,osorifr01
434702,Ryan,Ketchner,
434703,Brian,Myrow,myrowbr01
434704,Delwyn,Young,youngde04
434705,Jason,Repko,repkoja01
434718,Huston,Street,streehu01
434778,Kendry,Morales,moralke01
434878,Andrew,Sisco,siscoan01
434881,Marcos,Carvajal,carvama01
434884,Ryan,Rowland-Smith,rowlary01
434885,D.J.,Houlton,houltdj01
434886,Adam,Stern,sternad01
434898,Tim,Corcoran,corcoti02
434938,Javi,Herrera,
434939,Ryan,Garko,garkory01
434958,Sean,Green,greense01
435038,Anderson,Hernandez,hernaan01
435039,Anthony,Reyes,reyesan01
435041,Carlos,Quentin,quentca01
435042,Brian,Anderson,anderbr03
435043,Zach,Duke,dukeza01
435044,Scott,Baker,bakersc02
435045,Sergio,Santos,
435058,Jonah,Bayliss,baylijo01
435062,Howie,Kendrick,kendrho01
435063,Mike,Napoli,napolmi01
435064,Bobby,Wilson,
435065,Reggie,Willits,willire03
435078,Joaquin,Arias,ariasjo01
435079,Ian,Kinsler,kinslia01
435080,Thomas,Diamond,
435139,Lou,Palmisano,
435140,Hayden,Penn,pennha01
435158,Keiichi,Yabu,
435178,Josh,Johnson,johnsjo09
435179,Scott,Olsen,olsensc01
435180,Robert,Andino,andinro01
435181,Jeremy,Hermida,hermije01
435198,Tim,Gradoville,
435218,Tony,Giarratano,giarrto01
435219,Jack,Hannahan,hannaja01
435220,Ryan,Sweeney,sweenry01
435221,Brandon,McCarthy,mccarbr01
435222,Josh,Fields,fieldjo02
435238,Gustavo,Molina,molingu01
435258,Kevin,Barry,barryke01
435261,Zach,Miner,minerza01
435263,Brian,McCann,mccanbr01
435298,Jeff,Niemann,
435338,Tadahito,Iguchi,iguchta01
435358,Yuniesky,Betancourt,betanyu01
435378,Chad,Orvella,orvelch01
435398,Jeremy,Cummings,
435400,Jason,Motte,
435401,Skip,Schumaker,schumsk01
435402,Luis,Maza,
435404,Josh,Rabe,rabejo01
435408,Omir,Santos,
435459,George,Kottaras,
435500,Dan,Giese,gieseda01
435501,Danny,Sandoval,sandoda01
435520,Jesus,Flores,floreje02
435523,Brian,Peterson,
435538,Bill,Bray,braybi01
435539,Jerry,Owens,owensje01
435558,Daric,Barton,bartoda02
435559,Kurt,Suzuki,suzukku01
435560,Omar,Quintanilla,quintom01
435562,Richie,Robnett,
435618,Jeremy,Accardo,accarje01
435619,Patrick,Misch,mischpa01
435620,Jack,Taschner,taschja01
435622,Ian,Desmond,
435623,Kevin,Frandsen,frandke01
435624,John,Bowker,
435625,Nate,Schierholtz,schiena01
435626,Clay,Timpner,
435638,Zach,Jackson,jacksza01
435658,Jorge,Campillo,campijo01
435679,Jon,Huber,huberjo01
435714,Tommy,Watkins,watkito01
436913,Yurendell,de Caster,
437031,Miguel,Flores,
439312,Andrew,Beattie,
439664,John,Lindsey,
439849,Fernando,Rios,
440148,Selwyn,Langaigne,
440251,Ryan,Roberts,roberry01
440361,Norris,Hopper,hoppeno01
440773,Derek,Lee,
440785,Jason,Brown,
440924,Armando,Camacaro,
441266,Jeff,Harris,
441799,Brian,Mazone,
442146,Rico,Washington,
442500,Edgar,Martinez,martied01
442707,Mark,DiFelice,
442738,Joey,Hammond,
443558,Nelson,Cruz,cruzne02
443563,Alex,Serrano,
443908,Casey,Smith,
444041,Gil,Velazquez,
444099,Jeff,Bannon,
444116,Mel,Stocker,stockme01
444125,Michael,Wilson,
444126,Rafael,Rodriguez,
444127,Warner,Madrigal,
444135,Ryan,Theriot,theriry01
444312,Juan,Lara,laraju01
444351,Kyle,Phillips,
444354,Daryl,Thompson,
444355,Joe,Gaetti,
444370,Carlos,Muniz,munizca01
444371,Jeff,Karstens,karstje01
444379,John,Jaso,
444384,Christian,Colonel,
444418,Matt,Wright,
444430,Wyatt,Toregas,
444432,Mark,Trumbo,
444440,Nick,Adenhart,
444443,Jonathan,Ash,
444446,Collin,Balester,
444448,Brian,Bixler,
444514,Nathan,Panther,
444520,Craig,Breslow,breslcr01
444567,Kiel,Thibault,
444835,Edgardo,Baez,
444836,Aaron,Laffey,laffeaa01
444839,Craig,Stansberry,stanscr01
444843,Andre,Ethier,ethiean01
444844,Jake,Fox,foxja02
444857,Scott,Feldman,feldmsc01
444864,Jimmy,Barthmaier,
444865,Jason,Hirsh,hirshja01
444875,Matt,Murton,murtoma01
444876,Alcides,Escobar,
444882,Josh,Whitesell,
444884,Chris,Ray,raych01
444886,Zach,McClellan,mccleza01
444912,Ronnie,Merrill,
444961,Matt,Miller,
444983,Deik,Scram,
445010,Fernando,Perez,
445060,Ricky,Nolasco,nolasri01
445090,Bobby,Korecky,
445095,Jason,Pridie,
445104,Brad,Salmon,salmobr01
445120,Mike,Thompson,thompmi03
445139,Rob,Cosby,
445152,Adam,Pavkovich,
445156,Sean,Marshall,marshse01
445158,Eduardo,Cornejo,
445162,Sean,Henry,
445163,Casey,Janssen,janssca01
445169,Landon,Powell,
445186,Michael,James,
445195,Travis,Metcalf,metcatr01
445196,Matt,Tolbert,
445199,Jordan,Parraz,
445200,Josh,Wahpepah,
445202,Joseph,Bisenius,bisenjo01
445216,Daniel,McCutchen,
445222,Jack,Cassel,casseja01
445224,Matt,Smith,smithma04
445239,Adam,Bostick,
445255,Richard,Salazar,
445276,Kenley,Jansen,
445584,Matt,Tupman,
445589,Michael,Megrew,
445590,Eric,Stults,stulter01
445599,Scott,Moore,mooresc02
445612,Dale,Thayer,
445615,Max,Ramirez,
445666,Henry,Bonilla,
445928,Drew,Macias,maciadr01
445933,Bryan,LaHair,
445938,Calvin,Medlock,
445961,Reid,Santos,
445968,Dana,Eveland,evelada01
445984,Jesus,Delgado,
445988,Martin,Prado,pradoma01
446003,Luis,Valdez,
446013,Tonys,Gutierrez,
446044,Joshua,Rodriguez,
446088,Adrian,Casanova,
446121,Ryan,Patterson,
446132,Mike,Hollimon,
446135,Barret,Browning,
446139,Mike,Pierce,
446162,Sean,Watson,
446201,Robert,Felmy,
446207,Joshua,Geer,
446209,Jesse,Litsch,litscje01
446213,Brett,Sinkbeil,
446224,Christopher,Denove,
446225,Ed,Easley,
446233,Archie,Gilbert,
446246,Abe,Woody,
446250,Vincent,Bongiovanni,
446264,Barry,Enright,
446275,Matthew,Green,
446276,Joshua,Horton,
446305,Daniel,Turpen,
446308,Matt,Wieters,
446321,Ross,Detwiler,detwiro01
446334,Evan,Longoria,
446373,Tommy,Manzella,
446382,Brian,Barton,
446388,Dan,Lonsberry,
446395,Corey,Brown,
446399,Brett,Cecil,
446422,Michael,Griffin,
446428,Brendan,Katin,
446436,Sean,Barker,barkese01
446452,Troy,Cate,catetr01
446453,Levale,Speigner,speigle01
446454,Brian,Bannister,bannibr01
446474,Edwin,Maysonet,
446481,Sean,Rodriguez,
446532,Cory,Patton,
446538,Steve,Sollmann,
446550,Nick,Green,
446621,Rex,Rundgren,
446624,Charlie,Haeger,haegech01
446641,Wilton,Lopez,
446647,Olivo,Astacio,
446653,Jose,Lobaton,
446858,Kevin,Howard,
446868,Wilkin,Castillo,
446884,T.J.,Beam,beamtj01
446899,Brad,Ziegler,
446901,James,Houser,
446910,Brian,Rogers,rogerbr01
446911,Virgil,Vasquez,vasquvi01
446919,Todd,Self,
446928,Joe,Inglett,inglejo01
446937,Erold,Andrus,
446939,Ron,Flores,florero01
446952,Luis,Munoz,
447714,Eric,O'Flaherty,oflaher01
447730,Jeramy,Laster,
447736,Chris,Dickerson,
447741,Steven,White,
447761,Brandon,Jones,jonesbr02
447764,Robert,Hinton,
447767,Tim,Duff,
447770,Justin,Justice,
447816,Angel,Sanchez,sanchan02
447821,Stephen,Marek,
447827,Kyle,Peter,
447849,Brian,Horwitz,
448147,Nick,Blackburn,blackni01
448151,Kody,Kirkland,
448159,Manny,Parra,parrama01
448162,Mark,Rosen,
448165,Matt,Capps,cappsma01
448170,Travis,Ishikawa,ishiktr01
448176,Christian,Lara,
448178,Kevin,Jepsen,
448179,Rich,Hill,hillri01
448180,Adam,Harben,
448200,Chris,Sampson,sampsch01
448236,Santo,De Leon,
448241,Justin,James,
448242,Tony,Gwynn,gwynnto02
448245,B.J.,Szymanski,
448248,Brandon,Timm,
448249,Dallas,Trahern,
448253,Jason,Windsor,windsja01
448256,J.C.,Holt,
448266,James,Adkins,
448270,Nick,Blasi,
448276,Brett,Carroll,carrobr01
448281,Sean,Doolittle,
448298,Osvaldo,Fernando,
448306,James,Shields,shielja02
448312,Joshua,Miller,
448320,Pete,Maestrales,
448322,Ian,Ostlund,
448327,Fernando,Cortez,cortefe01
448337,Josh,Kinney,kinnejo01
448590,Kevin,Melillo,melilke01
448592,Cla,Meredith,meredcl01
448602,Mark,Reynolds,reynoma01
448605,Justin,Ruggiano,ruggiju01
448609,Tony,Sipp,
448623,Garrett,Broshuis,
448656,Chad,Reineke,
448674,Douglas,Bernier,
448676,Ryan,Spilborghs,spilbry01
448693,Ross,Wolf,wolfro01
448694,Randy,Wells,
448722,Juan,Perez,perezju01
448767,Dusty,Ryan,
448790,Cody,Strait,
448811,Tim,Lahey,
448833,Chris,Barnwell,
448842,Eulogio,De La Cruz,delaceu01
448843,Gabriel,Martinez,
448857,Jose,Ascanio,ascanjo01
449060,Clay,Rapada,rapadcl01
449072,Kyle,McClellan,
449079,Wesley,Wright,
449080,Eric,Duncan,
449081,Steve,Bray,
449082,Xavier,Paul,
449089,Adam,Miller,
449097,Jonathan,Papelbon,papeljo01
449098,Barry,Hertzler,
449107,Mike,Aviles,
449127,Cory,Doyne,doyneco01
449128,Mike,Schultz,schulmi02
449137,Ryan,Keefer,
449145,Brian,Esposito,esposbr01
449154,Justin,Orenduff,
449156,Jon,Owings,
449157,Mike,Parisi,
449159,Anthony,Raglani,
449172,Greg,Golson,
449173,Lucas,Harrell,
449448,John,Nelson,
449468,Josh,Kreuzer,
449471,Brian,Barden,bardebr01
449774,Evan,MacLane,
449775,Brandon,Pinckney,
449776,Drew,Anderson,anderdr01
449777,Mitch,Stetter,stettmi01
449786,Carlos,Corporan,
449792,Charlie,Fermaint,
449810,Von,Stertzbach,
449811,David,Austen,
449820,Leo,Rosales,
449822,Scott,Roehl,
449867,John,Raburn,
449881,R.J.,Swindle,
450172,Edinson,Volquez,volqued01
450191,Jon,George,
450192,Luke,Carlin,
450203,Charlie,Morton,
450204,Ben,Francisco,francbe01
450212,Pat,Neshek,neshepa01
450217,Adam,Donachie,
450249,Paul,Estrada,
450260,Kevin,Kouzmanoff,kouzmke01
450264,Josh,Muecke,
450265,Jordan,Tata,tatajo01
450275,Mark,Lowe,lowema01
450276,Aaron,Mathews,
450282,Glen,Perkins,perkigl01
450292,Mike,Rozema,
450295,A.J.,Shappi,
450300,Drew,Sutton,
450303,Curtis,Thigpen,thigpcu01
450306,Jason,Vargas,vargaja01
450308,Jered,Weaver,weaveje02
450312,Mark,Worrell,
450314,Ben,Zobrist,zobribe01
450317,J.P.,Arencibia,
450320,Carmen,Pignatiello,pignaca01
450321,Bill,White,whitebi04
450348,Jim Ed,Warden,
450351,C.J.,Wilson,wilsocj01
450363,Bronson,Sardinha,sardibr01
450524,Matt,Elliott,
450532,Adam,Carr,
450566,Chuck,CaufieldJr.,
450595,Garrett,Baker,
450597,Michael,Bell,
450641,Quintin,Berry,
450648,David,Welch,
450665,Kris,Medlen,
450681,Spike,McDougall,
450819,Chris,Kroski,
450825,Callix,Crabbe,
450829,Thomas,Atlee,
451088,Justin,Sellers,
451096,Sergio,Pedroza,
451103,Ryan,Mount,
451107,James,Simmons,
451109,Brett,Hayes,
451113,Arlon,Quiroz,
451143,Mat,Gamel,
451176,Vince,Sinisi,
451186,Lastings,Milledge,millela02
451188,Andy,LaRoche,larocan01
451200,Richie,Gardner,
451216,Brian,Wilson,wilsobr01
451256,Kurt,Birkins,birkiku01
451257,Kason,Gabbard,gabbaka01
451259,Dusty,Brown,
451262,A.J.,Murray,murraaj01
451470,Mauricio,Lara,
451482,Armando,Galarraga,galarar01
451491,Joel,Zumaya,zumayjo01
451494,Neil,Wilson,
451497,Brian,Slocum,slocubr01
451518,Scott,Nestor,
451532,Chad,Billingsley,billich01
451537,Damaso,Espino,
451538,Miguel,Pinango,
451546,Julio,DePaula,depauju01
451573,Sebastien,Boucher,
451577,Greg,Burns,
451584,Wade,Davis,
451594,Dexter,Fowler,
451595,Sean,Gallagher,gallase01
451596,Yovani,Gallardo,gallayo01
451621,Bryan,Pritz,
451629,Justin,Christian,
451639,Jesus,Lopez,
451657,Chase,Wright,wrighch01
451664,Wes,Timmons,
451668,Gabriel,Lopez,
451705,Alberto,Rosario,
451767,Freddy,Dolsi,
451774,Matt,DeSalvo,desalma01
451775,Fernando,Rodriguez,
451788,Shaun,Marcum,marcush01
451803,Colt,Morton,mortoco01
451806,Errol,Simonitsch,
451993,Arturo,Rivas,
452013,Carlos,Sosa,
452028,Drew M.,Anderson,
452035,Kyle,Blanks,
452052,Ben,Johnson,
452063,P.J.,Pilittere,
452075,Connor,Robertson,roberco01
452080,Chris,Carter,
452090,Bill,Edwards,
452095,Tyler,Flowers,
452096,Darren,Ford,
452104,Chase,Headley,headlch01
452105,John,Hester,
452121,Brent,Lillibridge,
452150,Ryan,Budde,buddery01
452161,Jonathon,Rouwenhorst,
452199,Russell,Mitchell,
452202,Jamie,D'Antona,
452220,Stephen,Drew,drewst01
452221,Eric,Patterson,patteer01
452225,Jeff,Fiorentino,fioreje01
452232,Jason,Jaramillo,
452234,Seth,Smith,smithse01
452237,Taylor,Tankersley,tanketa01
452238,Brad,Davis,
452239,Justin,Maxwell,maxweju01
452240,Adam,Russell,
452241,Garrett,Mock,
452245,Eddy,Martinez-Esteve,
452249,Micah,Owings,owingmi01
452252,Adam,Lind,lindad01
452254,Hunter,Pence,pencehu01
452259,Steven,Jackson,
452264,Jeremy,Flanagan,
452291,Henry,Owens,owenshe01
452293,Jonathan,Albaladejo,albaljo01
452298,Kevin,Cameron,camerke01
452305,Joshua,Johnson,
452624,Daniel,Haigwood,
452646,Cody,Haerther,
452655,Denard,Span,
452656,Dave,Davidson,davidda01
452657,Jon,Lester,lestejo01
452658,Scott,White,
452667,Tyler,Pelland,
452668,Elijah,Dukes,dukesel01
452671,Diory,Hernandez,
452672,Ryan,Hanigan,hanigry01
452675,Marcos,Vechionacci,
452676,Mitch,Talbot,
452678,Asdrubal,Cabrera,cabreas01
452717,Javon,Moran,
452718,Kyle,Kendrick,kendrky01
452724,Billy,Sadler,sadlebi01
452725,Wes,Littleton,littlwe01
452728,Dennis,Dove,dovede01
452732,Orlando,Mercado,
452733,Tom,Gorzelanny,gorzeto01
452740,Matt,Spring,
452745,Joe,Wice,
452762,Chip,Cannon,
452765,Jose,Castro,
452768,Jeff,Corsaletti,
452769,Frank,Curreri,
452971,Tracy,Thorpe,
452989,Edgar,Gonzalez,
452993,Chris,Mason,
453029,Gregory,Thomson,
453056,Jacoby,Ellsbury,ellsbja01
453064,Troy,Tulowitzki,tulowtr01
453068,Mike,Costanzo,
453156,Brooks,Brown,
453178,Ian,Kennedy,kenneia01
453181,Matt,LaPorta,
453192,Andrew,Miller,millean01
453207,Emeel,Salem,
453211,Drew,Stubbs,
453228,Jason,Donald,
453230,Chris,Errecart,
453238,Wes,Hodges,
453245,Tom,King,
453256,Eddy,Rodriguez,
453258,Keoni,Ruth,
453269,Brennan,Boesch,
453281,Wade,LeBlanc,
453283,Michael,McBryde,
453286,Max,Scherzer,
453298,Colin,Curtis,
453311,Tim,Lincecum,linceti01
453327,Matt,Antonelli,
453329,Clay,Buchholz,buchhcl01
453343,Mark,Melancon,
453344,Brandon,Morrow,morrobr01
453353,Greg,Reynolds,
453362,Chris,Valaika,
453400,Chris,Johnson,
453515,David,Purcey,
453525,J.R.,Towles,towlejr01
453527,Sean,Kazmar,
453531,Rob,Johnson,johnsro07
453539,Sam,Fuld,fuldsa01
453592,Brad,James,
453646,Carlos,Villanueva,villaca01
453886,Lee,Mitchell,
453889,Matt,Chico,chicoma01
453895,Brendan,Ryan,ryanbr01
453899,Trey,Webb,
453911,Kevin,Thompson,thompke01
453923,Gregor,Blanco,
453941,Mike,Cervenak,
453954,Kevin,Hart,hartke01
453957,Justin,Hedrick,
453967,Ryan,Klosterman,
453974,Lou,Marson,
454435,Sung Ki,Jung,
454441,Travis,Hanson,
454525,Brennan,King,
454533,T.J.,Bohn,bohntj01
454535,Clay,Hensley,henslcl01
454537,Jared,Burton,burtoja01
454555,Adam,Bass,
454560,A.J.,Ellis,
454573,Cole,Armstrong,
454576,Jordan,Czarniecki,
454581,Carlos,Guevara,
454612,Paul,Abraham,
454662,Brian,Akin,
454972,Romulo,Sanchez,sanchro01
454975,Hernan,Iribarren,
454977,Mario,Lisson,
454994,Brandon,Fahey,faheybr01
454998,Matt,Carson,
455005,Shane,Komine,kominsh01
455009,Jonathan,Broxton,broxtjo01
455047,Jeff,Ridgway,ridgwje01
455079,Stephen,Chapman,
455088,Blake,Dewitt,
455090,Jack,Egbert,
455100,Gaby,Hernandez,
455104,Chris,Iannetta,iannech01
455111,Chuck,Lofgren,
455113,Donny,Lucy,lucydo01
455117,Martin,Maldonado,
455126,Christopher,Nelson,
455141,Frank,Diaz,
455167,Shelley,Duncan,duncash01
455371,Audy,Ciriaco,
455377,Rolando,Valdez,
455603,Andy,Mitchell,
455605,J.D.,Martin,
455687,Jai,Miller,
455725,Stephen,Holm,
455750,Marcus,McBeth,mcbetma01
455751,Bobby,Livingston,livinbo01
455752,Michael,Garciaparra,
455755,Chris,Stewart,stewach01
455759,Chris,Young,youngch04
455921,Luis Antonio,Jimenez,
455927,Ryan,Houston,
455949,Scott,Mathieson,mathisc01
455951,Peter,Ciofrone,
455957,Chris,Lubanski,
455966,Brian,Bock,
455969,Jacob,Duncan,
455970,Bob,McCrory,
455976,Nick,Markakis,markani01
455986,Mark,Saccomanno,
455994,Edward,Valdez,
456006,Aaron,Herr,
456027,Ross,Ohlendorf,ohlenro01
456030,Dustin,Pedroia,pedrodu01
456031,Andrew,Pinckney,
456034,David,Price,
456035,Danny,Putnam,putnada01
456043,Jonathan,Sanchez,sanchjo01
456044,Luis,Sanchez,
456045,Joe,Savery,
456047,E.J.,Shanks,
456050,James,Skelton,
456068,Miguel,Gonzalez,
456102,David,Pauley,pauleda01
456120,John,Schneider,
456121,Chris,Denorfia,denorch01
456122,David,Smith,
456124,Erik,Kratz,
456138,Nick,DeBarr,
456387,Ryan,Feierabend,feierry01
456390,Mickey,Hall,
456417,Jose,Capellan,
456422,Michael,Bourn,bournmi01
456430,Nate,Sutton,
456436,Kevin,Reese,reeseke01
456438,James,Tomlin,
456481,Yordany,Ramirez,
456488,Eduardo,Nunez,
456499,Scott,Patterson,
456501,Johnny,Cueto,
456535,Patrick,Cottrell,
456558,Shane,Youman,youmash01
456563,Phil,Avlas,
456585,Michael,O'Connor,oconnmi01
456589,Jason,Bergmann,bergmja01
456594,Matthew,Whitney,
456629,Manuel,Mayorson,
456630,Davis,Romero,romerda01
456655,Ian,Stewart,stewaia01
456656,Tim,Battle,
456661,Brian,Henderson,
456665,Steven,Pearce,pearcst01
456671,Van,Pope,
456682,Josh,Newman,newmajo01
456687,Omar,Aguilar,
456701,Homer,Bailey,baileho02
456714,Billy,Butler,butlebi03
456715,Lorenzo,Cain,
456744,Chris,Schroder,schroch01
456761,Gregory,Porter,
456762,Matthew,Brown,brownma05
456823,Seth,Dhaenens,
456826,Shawn,Scobee,
456858,Neil,Walton,
456905,Dennis,Winn,
457061,Tim,Torres,
457098,Matt,Morgan,
457117,Ernesto,Frieri,
457122,Rocky,Cherry,cherrro01
457130,Vinny,Rottino,rottivi01
457133,Wilkin,Ramirez,
457420,Brandon,Wood,woodbr01
457422,Tim,Dillard,
457425,Evan,Meek,
457428,James,McDonald,
457429,Boone,Logan,loganbo02
457437,Jared,Wells,
457440,Dewon,Day,dayde01
457441,Clint,Goocher,
457444,Jay,Marshall,marshja01
457448,Matt,Harrison,
457452,Randor,Bierd,
457453,Jair,Jurrjens,jurrjja01
457454,Jarrod,Saltalamacchia,saltaja01
457455,Jino,Gonzalez,
457456,Jo-Jo,Reyes,reyesjo03
457458,Ty,Taubenheim,taubety01
457460,Ryan,Basner,
457461,Sean,White,whitese02
457465,Josh,Sharpless,sharpjo01
457468,Josh,Banks,banksjo01
457477,Alejandro,De Aza,deazaal01
457483,Anderson,Garcia,garcian01
457485,Tony,Granadillo,
457489,Darren,Clarke,clarkda06
457493,Shawn,Riggans,riggash01
457495,Heath,Phillips,phillhe01
457498,Jeff,Kennard,
457508,Jonathan,Van Every,
457517,Guilder,Rodriguez,
457524,Eli,Iorg,
457527,Jeff,Kamrath,
457566,Greg,Burke,
457567,Carlos,Fisher,
457581,Andrew,Brackman,
457645,Connor,Falkenbach,
457671,T.J.,Large,
457706,Austin,Jackson,
457708,Justin,Upton,uptonju01
457711,Sean,O'Sullivan,
457725,John,Drennen,
457727,Cameron,Maybin,maybica01
457733,Joey,Devine,devinjo01
457744,Aaron,Thompson,
457756,P.J.,Phillips,
457759,Justin,Turner,
457761,Ryan,Tucker,
457788,Jordan,Schafer,
457796,Garrett,Olson,olsonga01
457803,Jay,Bruce,
457812,Jeffrey,Marquez,
457819,Tomas,Santiago,
457820,Eric,Hull,huller01
457821,Wes,Bankston,
457824,Adam,Heether,
457826,Tom,Mastny,mastnto01
457830,Ryan,Goleski,
457844,Kurt,Isenberg,
457850,Kory,Casto,castoko01
457854,Anthony,Tomey,
457858,Rich,Rundles,
457882,Josh,Shortslef,
457886,Jeremy,Johnson,
457902,Brett,Campbell,campbbr02
457908,Jeffrey,Dragicevich,
457918,J.A.,Happ,happja01
457925,Neil,Jamison,
457926,Paul,Janish,
457935,Matt,Daley,
457958,John,Otness,
457992,Kyle,Jackson,
458000,Terry,Evans,evanste01
458003,Blake,Hawksworth,
458006,Matt,Albers,alberma01
458008,Humberto,Sanchez,
458010,David,Shafer,
458015,Joey,Votto,vottojo01
458061,German,Duran,
458085,Chris,Coghlan,
458088,Cyle,Hankerd,
458187,Andy,Cavazos,cavazan01
458210,Alexi,Casilla,casilal01
458220,Esmerling,Vasquez,
458222,Bobby,Brownlie,
458234,David,Castillo,
458236,Brett,Dowdy,
458239,Travis,Denker,
458250,Dusty,Hughes,
458258,Joe,Woerman,
458356,Cornelio,Garcia,
458501,Luis,Cruz,
458524,Daniel,Barone,baronda01
458567,Andy,Sonnanstine,sonnaan01
458568,Jonathan,Tucker,
458582,Reid,Brignac,
458628,Joe,Mather,
458643,Jose,Morales,moraljo02
458658,Mike,Rodriguez,
458665,Chad,Spann,
458679,Joshua,Bell,
458690,Christopher,Volstad,
458693,Bryan,Byrne,
458708,Josh,Tomlin,
458709,John,Lannan,lannajo01
458713,Kevin,Slowey,sloweke01
458731,Brett,Gardner,
458873,Guillermo,Reyes,
458887,Luis,Bolivar,
458895,Shaun,Cumberland,
458902,Iggy,Suarez,
458913,Eric,Young,
458917,Kevin,Mahar,maharke01
458919,Ryan,Mattheus,
458923,Ryan,Leahy,
458926,Mark,Jurich,
458950,Philip,Humber,humbeph01
458951,Alan,Horne,
458952,Brandon,Chaves,
458974,Willie,Collazo,collawi01
459317,Brad,Hassey,
459318,Jordan,De Jong,dejonjo01
459322,Brian,Stavisky,
459334,Brent,Clevlen,clevlbr01
459336,Billy,Petrick,petribi01
459371,Ramon,Ramirez,
459372,Jonathan,Castellanos,
459376,Kelvin,Jimenez,jimenke01
459403,Jon,Coutlangus,coutljo01
459409,Beau,Vaughan,
459414,Matt,Wilhite,
459423,Joe,Koshansky,koshajo01
459425,Matt,Macri,
459429,Jacob,McGee,
459440,Jarrett,Hoffpauir,
459441,Maxwell,Leon,
459446,Cesar,Nicolas,
459459,Zach,Schreiber,
459714,Buck,Coats,coatsbu01
459850,Reid,Mahon,
459932,Hector,Ambriz,
459941,Travis,Buck,bucktr01
459943,Jeff,Clement,clemeje01
459945,Craig,Cooper,
459960,Kris,Harvey,
459964,Matthew,Joyce,
459974,Jonathan,Meloan,meloajo01
459987,Cesar,Ramos,
459991,Gaby,Sanchez,
459999,Jeff,Stevens,
460004,Clete,Thomas,
460024,Luke,Hochevar,hochelu01
460026,Nick,Hundley,
460029,Jensen,Lewis,lewisje01
460037,Mark,Wagner,
460059,Mike,Pelfrey,pelfrmi01
460060,Cliff,Pennington,
460067,Trevor,Crowe,
460072,Jason,Berken,
460075,Ryan,Braun,braunry02
460083,Eric,Eymann,
460086,Alex,Gordon,gordoal01
460090,Jeremy,Hunt,
460092,Christopher,Leroux,
460093,Matthew,Liuzza,
460099,Nolan,Reimold,
460105,Greg,Smith,
460146,Ryan,Edell,
460225,Juan,Gonzalez,
460252,Jeff,Larish,
460260,Scott,Lewis,
460261,Clint,Sammons,sammocl01
460265,Jeremy,Sowers,sowerje01
460267,Brandon,Boggs,
460269,Chris,Gimenez,
460271,Devin,Ivany,
460274,Tyler,Lumsden,
460283,Jerry,Blevins,blevije01
460284,Dallas,Braden,bradeda01
460291,Jonathan,Ellis,
460311,Derek,Miller,
460349,Carlos,Rosa,
460366,Rich,Thompson,thompri03
460370,Rafael,Perez,perezra01
460374,Adam,Bright,
460576,Carlos,Gomez,gomezca01
460579,Nyjer,Morgan,morgany01
460580,Chuck,James,jamesch03
460590,Brian,Dopirak,
460597,Jim,Hoey,hoeyja02
460602,Dirk,Hayhurst,
460624,Danny,Zell,
460639,Jailen,Peguero,pegueja01
460648,Harvey,Garcia,garciha01
460654,Jason,Miller,milleja03
460657,Doug,Slaten,slatedo01
460671,Matthew,Spencer,
460677,Cory,Wade,
460699,Beau,Mills,
461212,Matt,Palmer,
461213,Joe,Bateman,
461218,Daniel,Christensen,
461235,Brandon,Moss,mossbr01
461250,Chase,Lambin,
461251,Ricky,Barrett,
461260,Jose,Vaquedano,
461310,Brad,Nelson,
461314,Matt,Kemp,kempma01
461315,Lucas,May,
461317,Chris,Kinsey,
461325,Tyler,Clippard,clippty01
461334,Ryan,Braun,braunry01
461345,Carl,Loadenthal,
461347,Jamie,Vermilyea,vermija01
461377,Neal,Musser,mussene01
461382,Mike,Spidale,
461416,Will,Venable,
461743,Zachary,Hammes,
461766,Jose,Arredondo,
461788,Ozzie,Chavez,
461791,Carlos,Marmol,marmoca01
461811,Josh,Anderson,anderjo03
461815,David,Murphy,murphda07
461826,Gerald,Plexico,
461829,Gio,Gonzalez,
461833,Phil,Hughes,hugheph01
461836,Chris,Lambert,
461851,Eduardo,Morlan,
461853,Eric,Nielsen,
461856,Troy,Patton,pattotr01
461865,Andrew,Romine,
461866,Freddy,Sandoval,
461869,Ulrich,Snijders,
461871,Hainley,Statia,
461874,Craig,Tatum,
461880,Marcus,Gwyn,gwynma01
461904,Chris,Britton,brittch01
462117,Anel,De Los Santos,
462135,Steve,Hammond,
462375,Andy,Cannizaro,
462382,Jim,Johnson,johnsji04
462405,Brooks,Conrad,
462413,Andy,Gonzalez,gonzaan01
462522,Jeff,Gray,
462564,Dan,Uggla,ugglada01
462810,Jesus,Merchan,
462855,Eider,Torres,
462896,Tristan,Crawford,
462911,Jose,Garcia,
462940,Juan,Mateo,mateoju02
462943,Edward,Campusano,
462945,Cesar,Jimenez,jimence01
462950,Danny,Richar,richada02
462956,Felipe,Paulino,paulife01
462985,Franklin,Morales,moralfr01
462995,Rick,VandenHurk,vanderi01
463610,Gregorio,Petit,
463645,Samuel,Gervacio,
464241,Gary,Patchett,
464244,Alberto,Arias,ariasal02
464254,Emiliano,Fruto,frutoem01
464268,Javier,Herrera,
464276,Heber,Gomez,
464281,Oswaldo,Navarro,navaros01
464299,Eugenio,Velez,velezeu01
464318,Mario,Alvarez,
464341,Chin-Lung,Hu,huch01
464342,Edgar,Quintero,
464351,Kelvin,Pichardo,
464414,Alex,Castillo,
464423,Carlos,Colmenares,
464433,Juan,Francisco,
464746,Isauro,Pineda,
464869,Sendy,Rleal,rlealse01
464900,Alex,Romero,
465002,Frank,Martinez,
465041,Francisco,Cervelli,
465593,Carlos,Martinez,martica03
465629,Edward,Mujica,mujiced01
465657,Joakim,Soria,soriajo01
465668,Roger,Bernadina,
465705,Brad,Harman,
465711,Jairo,Cuevas,
465753,Pedro,Florimon Jr.,
466248,Mauro,Nieblas,
466283,Javier,Guzman,
466320,Melky,Cabrera,cabreme01
466412,Luis,Perdomo,
466433,Ryan,Thompson,
466454,Jesus,Sanchez,
466838,Juan,Salas,salasju01
466918,Manny,Corpas,corpama01
466944,Sergio,Lizarraga,
466948,Jean,Machi,
466983,Fabio,Castro,castrfa01
466988,Emilio,Bonifacio,bonifem01
467008,Pedro,Strop,
467055,Pablo,Sandoval,
467078,Wladimir,Sutil,
467577,Jesus,Silva,
467676,Ofilio,Castro,
467683,Osiris,Matos,
467726,Jose,Mijares,
467731,Kelyn,Acosta,
467750,Benjamin,Harrison,
467761,Fernando,Hernandez,
467763,Jovanny,Rosario,
467768,Dan,Smith,
467785,Radhames,Liz,lizra01
467793,Carlos,Santana,
467798,Jose,Tabata,
467827,Gerardo,Parra,
468275,Fredy,Deza,
468368,Gabriel,Gutierrez,
468406,Jonathan,Herrera,
468429,Jose,Constanza,
468470,Reegie,Corona,
468915,Alvin,Colina,colinal01
468962,Devern,Hansack,hansade01
469009,Richard,De Los Santos,
469085,Javier,Brito,
469129,Cirilo,Cumberbatch,
469134,Esmil,Rogers,
469151,Julio,Pimentel,
469159,Henry,Rodriguez,
469164,Ehren,Wassermann,wasseeh01
469232,Kasey,Olenberger,
469614,Sergio,Mora,
469721,Trent,Oeltjen,
469735,Edwar,Ramirez,ramired01
469775,Maiko,Loyola,
469802,Luis,Perez,
469810,Argenis,Diaz,
469832,Andy,Shipman,
469837,Nestor,Rojas,
469845,Jamie,Hoffmann,
470279,Yoel,Hernandez,hernayo01
470358,Oneli,Perez,
470364,Lino,Garcia,
470379,Paul,Mildren,
470462,Ramon,Troncoso,
470491,Timothy,Kennelly,
470516,Luis,Durango,
471083,Miguel,Montero,montemi01
471107,Elliot,Johnson,
471132,Oswaldo,Sosa,
471808,Chris,De La Cruz,
471839,Alexander,Smit,
471858,Jairo,De La Rosa,
471865,Carlos,Gonzalez,
471868,Alberto,Gonzalez,gonzaal03
471890,Wilfreddy,Aguirre,
471911,Carlos,Carrasco,
472490,Jae Kuk,Ryu,ryuja01
472502,Arnoldo,Mercado,
472594,Yung Chi,Chen,
472760,Fernando,De La Cruz,
473137,Lee,Gronkiewicz,gronkle01
473156,Mauro,Zarate,zaratma01
473208,Julio,Perez,
473234,Tony,Abreu,abreuto01
473242,Agustin,Murillo,
473560,Lance,Broadway,broadla01
473922,Chris,Rahl,
474188,Michael,Affronti,
474233,Hank,Conger,
474256,Ryan,Reid,
474443,Ivan,De Jesus,
474523,John,Tolisano,
474544,Eric,Wordekemper,
474865,Julio,Borbon,
474892,Chris,Carter,
475022,Craig,Hansen,hansecr01
475416,Justin,Masterson,
475582,Ryan,Zimmerman,zimmery01
476011,Matthew,Maloney,
476258,Brandon,Erbe,
476601,Michael,Bowden,
476704,Jed,Lowrie,
477054,Trayvon,Robinson,
477132,Clayton,Kershaw,
477177,Kellen,Kulbacki,
477229,Jordan,Walden
477360,Gaudencio,Aguirre
477409,Jose,Cobos
477554,Carlos,Rodriguez
477581,Walter,Silva
484552,Daniel,Hinojosa
488664,Brian,Anderson
488666,Kyle,Anson
488674,Burke,Badenhop
488676,Jeff,Baisley
488686,Aaron,Bates
488689,Mike,Baxter
488694,Bubba,Bell
488721,Peter,Bourjos
488726,Michael,Brantley
488740,Jordan,Brown
488754,Jacob,Butler,
488795,Bradley,Coon,
488798,Ben,Copeland,
488811,Aaron,Cunningham,
488817,Michael,Daniel,
488819,Blake,Davis,
488857,Reid,Engel,
488862,Yunel,Escobar,escobyu01
488888,Christopher,Frey,
488912,Tuffy,Gosewisch,
488917,Tyler,Graham,
488919,Taylor,Green,
488924,Garrett,Groce,
488925,James,Guerrero,
488947,Anthony,Hatch,
489000,Jay,Johnson,
489020,Brad,Kilby
489037,Jeffrey,Kunkel
489090,Michael,Massaro
489094,John,Matulia
489126,Mark,Minicozzi
489135,Jeremy,Moore
489164,Jeff,Natale
489172,Michael,Nix
489189,Josh,Outman
489190,Pat,Overholt
489204,Nick,Pereira
489231,John,Raynor
489232,Anthony,Recker
489242,William,Rhymes
489251,Ryan,Roberson
489262,Ryan,Rohlinger
489265,Sergio,Romo,
489267,Adam,Rosales,
489296,Joshua,Schmidt,
489316,Sean,Shoffit,
489336,Will,Startup,
489413,Casper,Wells,
489435,Flint,Wipke,
489448,Michael,Zagurski,zagurmi01
489564,Juan,Rivera,
489568,Ned,Yost,
489717,Sean,Danielson,
489735,Todd,Doolittle,
489738,Alex,Jamieson,
489763,Chris,Gutierrez,
490008,Robert,Manuel,
490063,Matt,Garza,garzama01
490675,Ray,Chang,
490941,Seth,Johnston,
491159,Joe,Thatcher,thatcjo01
491220,Hunter,Jones,
491380,Josh,Howard,
491676,Gorkys,Hernandez,
491695,Ivan,Contreras,
492706,Kenji,Johjima,johjike01
493120,Kosuke,Fukudome,
493127,Akinori,Iwamura,iwamuak01
493131,Masahide,Kobayashi,
493133,Hiroki,Kuroda,
493137,Daisuke,Matsuzaka,matsuda01
493161,Yasuhiko,Yabuta,
493247,Peter,Moylan,moylape01
493302,Sung-Wei,Tseng,
493351,Alexei,Ramirez,
493416,Takashi,Saito,saitota01
493553,Adam,Calderone,
496056,Valentin,Gamez,
496169,Matt,Stocco,
498568,Barbaro,Canizares,
499107,Francisley,Bueno,
500200,Coby,Smith,
500207,Jhonatan,Solano,
501170,Adrian,Ramirez,
501197,Darwin,Perez,
501638,Pedro,Viola,
501745,Fautino,De Los Santos,
501785,Zachary,Dillon,
501788,C.J.,Ebarb,
501814,Brian,Bocock,
501819,Robert,Woodard,
501822,Chris,Hatcher,
501824,William,Savage,
501827,Jermaine,Mitchell,
501863,Kevin,Gunderson,
501869,Graham,Taylor,
501874,Kameron,Mickolio,
501885,Adam,Rogers,
501887,Scott,Moore,
501895,Andy,Bouchie,
501922,Zachary,Daeges,
501925,Joe,Smith,smithjo05
501929,Ryan,Khoury,
501941,Chris,Pettit,
501955,Joba,Chamberlain,chambjo03
501957,Chris,Tillman,
501983,Travis,Snider
501986,Cedric,Hunter
502000,Derrik,Lutz
502001,Brandon,Hynick
502003,Scott,Sizemore
502029,Christopher,Marrero
502034,Emmanuel,Burriss
502089,Brian,Jeroloman
502097,Jeff,Gerbe
502117,Kristopher,Negron
502126,Dominic,Brown
502133,Adrian,Cardenas
502135,Jason,Place
502137,Andy,Cruse
502151,Chad,Huffman
502158,Josh,Roenicke
502161,Scott,Cousins
502165,Andrew,Carpenter
502188,Jeff,Samardzija
502206,Clayton,Fuller
502249,Lars,Anderson
502255,Casey,Weathers
502261,Cole,Gillespie
502262,Mitch,Canham
502272,Casey,Fien
502317,Chris,Heisey
502319,Marc,Maddox
502335,Tyler,Henson
502348,Matthew,Oxendine
502374,Michael,McKenry
502380,Daniel,Garcia
502409,Jonathan,Diaz
502422,Joseph,Bowen,
502489,Kyle,Walter,
502497,Zachary,Dials,
502501,Preston,Mattingly,
502580,Scott,Campbell,
502609,Danny,Herrera,
502698,Wilberto,Ortiz,
503285,Darren,O'Day,
503345,Yohermyn,Chavez,
503498,Angel,Castillo,
503576,Sam,Carter,
503577,Yefri,Carvajal,
503583,R.J.,Rodriguez,
504319,Jose,Duran,
506429,Kazuo,Fukumori,
506432,Kei,Igawa,igawake01
506555,Masumi,Kuwata,kuwatma01
506606,Hideki,Okajima,okajihi01
506648,Yoslan,Herrera,
506673,Juan,Miranda,
506912,Mark,Hallberg,
507747,Jo,Matumoto,
510884,Tom,Verducci,
511648,Antonio,Garzon,
514108,Michael,DeMark,
515768,Fuenmayor,Fuenmayor,
515788,Mike,Shaw,
516631,Gustavo,Nunez,
518394,Kevin,Ahrens,
518420,Dylan,Axelrod,
518499,Jay,Brossman,
518518,Michael,Burgess,
518563,Matthew,Cline
518725,Caleb,Gindl
518784,Justin,Henry
518792,Jason,Heyward
518794,Brandon,Hicks
518836,Cale,Iorg
518837,Justin,Jackson
518880,Charles,Kerfoot
518960,Jonathan,Lucroy
519031,Erik,Miller
519068,Efren,Navarro
519082,Nick,Noonan
519096,Daniel,Otero
519105,Jarrod,Parker
519107,Andrew,Parrino
519127,Robert,Perry
519128,Bryan,Petersen
519144,Rick,Porcello
519218,Wes,Roemer
519222,Austin,Romine
519285,James,Simmons
519294,Josh,Smoker
519299,Eric,Sogard
519372,Michael,Valadez
519384,Jesus,Villegas Andino
519395,Brian,Walker
519412,Zelous,Wheeler
519425,Jackson,Williams
519433,Steffan,Wilson
519445,Daniel,Worth
520471,Freddy,Galvis
520688,Aeden,McQueary
522057,Edgar,Trejo
524169,Oscar,Lemus
524968,Jesus,Montero
531142,Baltazar,Lopez
537953,Daniel,Nava
537995,Isidro,Pena
